{
    "context_is_admin": "role:admin",
    "admin_or_owner": "is_admin:True or project_id:%(project_id)s",
    "admin_api": "is_admin:True",
    "os_compute_api:os-admin-actions:reset_state": "rule:admin_api",
    "os_compute_api:os-admin-actions:inject_network_info": "rule:admin_api",
    "os_compute_api:os-admin-actions:reset_network": "rule:admin_api",
    "os_compute_api:os-admin-password": "rule:admin_or_owner",
    "os_compute_api:os-agents": "rule:admin_api",
    "os_compute_api:os-aggregates:set_metadata": "rule:admin_api",
    "os_compute_api:os-aggregates:add_host": "rule:admin_api",
    "os_compute_api:os-aggregates:create": "rule:admin_api",
    "os_compute_api:os-aggregates:remove_host": "rule:admin_api",
    "os_compute_api:os-aggregates:update": "rule:admin_api",
    "os_compute_api:os-aggregates:index": "rule:admin_api",
    "os_compute_api:os-aggregates:delete": "rule:admin_api",
    "os_compute_api:os-aggregates:show": "rule:admin_api",
    "os_compute_api:os-assisted-volume-snapshots:create": "rule:admin_api",
    "os_compute_api:os-assisted-volume-snapshots:delete": "rule:admin_api",
    "os_compute_api:os-attach-interfaces": "rule:admin_or_owner",
    "os_compute_api:os-attach-interfaces:create": "rule:admin_or_owner",
    "os_compute_api:os-attach-interfaces:delete": "rule:admin_or_owner",
    "os_compute_api:os-availability-zone:list": "rule:admin_or_owner",
    "os_compute_api:os-availability-zone:detail": "rule:admin_api",
    "os_compute_api:os-baremetal-nodes": "rule:admin_api",
    "os_compute_api:os-cells:update": "rule:admin_api",
    "os_compute_api:os-cells:create": "rule:admin_api",
    "os_compute_api:os-cells": "rule:admin_api",
    "os_compute_api:os-cells:sync_instances": "rule:admin_api",
    "os_compute_api:os-cells:delete": "rule:admin_api",
    "cells_scheduler_filter:DifferentCellFilter": "is_admin:True",
    "cells_scheduler_filter:TargetCellFilter": "is_admin:True",
    "os_compute_api:os-config-drive": "rule:admin_or_owner",
    "os_compute_api:os-console-auth-tokens": "rule:admin_api",
    "os_compute_api:os-console-output": "rule:admin_or_owner",
    "os_compute_api:os-consoles:create": "rule:admin_or_owner",
    "os_compute_api:os-consoles:show": "rule:admin_or_owner",
    "os_compute_api:os-consoles:delete": "rule:admin_or_owner",
    "os_compute_api:os-consoles:index": "rule:admin_or_owner",
    "os_compute_api:os-create-backup": "rule:admin_or_owner",
    "os_compute_api:os-deferred-delete": "rule:admin_or_owner",
    "os_compute_api:os-evacuate": "rule:admin_api",
    "os_compute_api:os-extended-availability-zone": "rule:admin_or_owner",
    "os_compute_api:os-extended-server-attributes": "rule:admin_api",
    "os_compute_api:os-extended-status": "rule:admin_or_owner",
    "os_compute_api:os-extended-volumes": "rule:admin_or_owner",
    "os_compute_api:extensions": "rule:admin_or_owner",
    "os_compute_api:os-fixed-ips": "rule:admin_api",
    "os_compute_api:os-flavor-access:add_tenant_access": "rule:admin_api",
    "os_compute_api:os-flavor-access:remove_tenant_access": "rule:admin_api",
    "os_compute_api:os-flavor-access": "rule:admin_or_owner",
    "os_compute_api:os-flavor-extra-specs:show": "rule:admin_or_owner",
    "os_compute_api:os-flavor-extra-specs:create": "rule:admin_api",
    "os_compute_api:os-flavor-extra-specs:update": "rule:admin_api",
    "os_compute_api:os-flavor-extra-specs:delete": "rule:admin_api",
    "os_compute_api:os-flavor-extra-specs:index": "rule:admin_or_owner",
    "os_compute_api:os-flavor-manage": "rule:admin_api",
    "os_compute_api:os-flavor-manage:create": "rule:os_compute_api:os-flavor-manage",
    "os_compute_api:os-flavor-manage:update": "rule:admin_api",
    "os_compute_api:os-flavor-manage:delete": "rule:os_compute_api:os-flavor-manage",
    "os_compute_api:os-flavor-rxtx": "rule:admin_or_owner",
    "os_compute_api:flavors": "rule:admin_or_owner",
    "os_compute_api:os-floating-ip-dns": "rule:admin_or_owner",
    "os_compute_api:os-floating-ip-dns:domain:update": "rule:admin_api",
    "os_compute_api:os-floating-ip-dns:domain:delete": "rule:admin_api",
    "os_compute_api:os-floating-ip-pools": "rule:admin_or_owner",
    "os_compute_api:os-floating-ips": "rule:admin_or_owner",
    "os_compute_api:os-floating-ips-bulk": "rule:admin_api",
    "os_compute_api:os-fping:all_tenants": "rule:admin_api",
    "os_compute_api:os-fping": "rule:admin_or_owner",
    "os_compute_api:os-hide-server-addresses": "is_admin:False",
    "os_compute_api:os-hosts": "rule:admin_api",
    "os_compute_api:os-hypervisors": "rule:admin_api",
    "os_compute_api:image-size": "rule:admin_or_owner",
    "os_compute_api:os-instance-actions:events": "rule:admin_api",
    "os_compute_api:os-instance-actions": "rule:admin_or_owner",
    "os_compute_api:os-instance-usage-audit-log": "rule:admin_api",
    "os_compute_api:ips:show": "rule:admin_or_owner",
    "os_compute_api:ips:index": "rule:admin_or_owner",
    "os_compute_api:os-keypairs:index": "rule:admin_api or user_id:%(user_id)s",
    "os_compute_api:os-keypairs:create": "rule:admin_api or user_id:%(user_id)s",
    "os_compute_api:os-keypairs:delete": "rule:admin_api or user_id:%(user_id)s",
    "os_compute_api:os-keypairs:show": "rule:admin_api or user_id:%(user_id)s",
    "os_compute_api:os-keypairs": "rule:admin_or_owner",
    "os_compute_api:limits": "rule:admin_or_owner",
    "os_compute_api:os-lock-server:lock": "rule:admin_or_owner",
    "os_compute_api:os-lock-server:unlock": "rule:admin_or_owner",
    "os_compute_api:os-lock-server:unlock:unlock_override": "rule:admin_api",
    "os_compute_api:os-migrate-server:migrate": "rule:admin_api",
    "os_compute_api:os-migrate-server:migrate_live": "rule:admin_api",
    "os_compute_api:os-migrations:index": "rule:admin_api",
    "os_compute_api:os-multinic": "rule:admin_or_owner",
    "os_compute_api:os-networks": "rule:admin_api",
    "os_compute_api:os-networks:view": "rule:admin_or_owner",
    "os_compute_api:os-networks-associate": "rule:admin_api",
    "os_compute_api:os-pause-server:pause": "rule:admin_or_owner",
    "os_compute_api:os-pause-server:unpause": "rule:admin_or_owner",
    "os_compute_api:os-quota-class-sets:show": "is_admin:True or quota_class:%(quota_class)s",
    "os_compute_api:os-quota-class-sets:update": "rule:admin_api",
    "os_compute_api:os-quota-sets:update": "rule:admin_api",
    "os_compute_api:os-quota-sets:defaults": "@",
    "os_compute_api:os-quota-sets:show": "rule:admin_or_owner",
    "os_compute_api:os-quota-sets:delete": "rule:admin_api",
    "os_compute_api:os-quota-sets:detail": "rule:admin_or_owner",
    "os_compute_api:os-remote-consoles": "rule:admin_or_owner",
    "os_compute_api:os-rescue": "rule:admin_or_owner",
    "os_compute_api:os-security-group-default-rules": "rule:admin_api",
    "os_compute_api:os-security-groups": "rule:admin_or_owner",
    "os_compute_api:os-server-diagnostics": "rule:admin_api",
    "os_compute_api:os-server-external-events:create": "rule:admin_api",
    "os_compute_api:os-server-groups": "rule:admin_or_owner",
    "os_compute_api:os-server-groups:create": "rule:os_compute_api:os-server-groups",
    "os_compute_api:os-server-groups:delete": "rule:os_compute_api:os-server-groups",
    "os_compute_api:os-server-groups:index": "rule:os_compute_api:os-server-groups",
    "os_compute_api:os-server-groups:show": "rule:os_compute_api:os-server-groups",
    "os_compute_api:server-metadata:index": "rule:admin_or_owner",
    "os_compute_api:server-metadata:show": "rule:admin_or_owner",
    "os_compute_api:server-metadata:create": "rule:admin_or_owner",
    "os_compute_api:server-metadata:update_all": "rule:admin_or_owner",
    "os_compute_api:server-metadata:update": "rule:admin_or_owner",
    "os_compute_api:server-metadata:delete": "rule:admin_or_owner",
    "os_compute_api:os-server-password": "rule:admin_or_owner",
    "os_compute_api:os-server-tags:delete_all": "rule:admin_or_owner",
    "os_compute_api:os-server-tags:index": "rule:admin_or_owner",
    "os_compute_api:os-server-tags:update_all": "rule:admin_or_owner",
    "os_compute_api:os-server-tags:delete": "rule:admin_or_owner",
    "os_compute_api:os-server-tags:update": "rule:admin_or_owner",
    "os_compute_api:os-server-tags:show": "rule:admin_or_owner",
    "os_compute_api:os-server-usage": "rule:admin_or_owner",
    "os_compute_api:servers:index": "rule:admin_or_owner",
    "os_compute_api:servers:detail": "rule:admin_or_owner",
    "os_compute_api:servers:index:get_all_tenants": "rule:admin_api",
    "os_compute_api:servers:detail:get_all_tenants": "rule:admin_api",
    "os_compute_api:servers:show": "rule:admin_or_owner",
    "os_compute_api:servers:show:host_status": "rule:admin_api",
    "os_compute_api:servers:create": "rule:admin_or_owner",
    "os_compute_api:servers:create:forced_host": "rule:admin_api",
    "os_compute_api:servers:create:attach_volume": "rule:admin_or_owner",
    "os_compute_api:servers:create:attach_network": "rule:admin_or_owner",
    "network:attach_external_network": "is_admin:True",
    "os_compute_api:servers:delete": "rule:admin_or_owner",
    "os_compute_api:servers:update": "rule:admin_or_owner",
    "os_compute_api:servers:confirm_resize": "rule:admin_or_owner",
    "os_compute_api:servers:revert_resize": "rule:admin_or_owner",
    "os_compute_api:servers:reboot": "rule:admin_or_owner",
    "os_compute_api:servers:resize": "rule:admin_or_owner",
    "os_compute_api:servers:rebuild": "rule:admin_or_owner",
    "os_compute_api:servers:create_image": "rule:admin_or_owner",
    "os_compute_api:servers:create_image:allow_volume_backed": "rule:admin_or_owner",
    "os_compute_api:servers:start": "rule:admin_or_owner",
    "os_compute_api:servers:stop": "rule:admin_or_owner",
    "os_compute_api:servers:trigger_crash_dump": "rule:admin_or_owner",
    "os_compute_api:servers:migrations:show": "rule:admin_api",
    "os_compute_api:servers:migrations:force_complete": "rule:admin_api",
    "os_compute_api:servers:migrations:delete": "rule:admin_api",
    "os_compute_api:servers:migrations:index": "rule:admin_api",
    "os_compute_api:os-services": "rule:admin_api",
    "os_compute_api:os-shelve:shelve": "rule:admin_or_owner",
    "os_compute_api:os-shelve:unshelve": "rule:admin_or_owner",
    "os_compute_api:os-shelve:shelve_offload": "rule:admin_api",
    "os_compute_api:os-simple-tenant-usage:show": "rule:admin_or_owner",
    "os_compute_api:os-simple-tenant-usage:list": "rule:admin_api",
    "os_compute_api:os-suspend-server:resume": "rule:admin_or_owner",
    "os_compute_api:os-suspend-server:suspend": "rule:admin_or_owner",
    "os_compute_api:os-tenant-networks": "rule:admin_or_owner",
    "os_compute_api:os-used-limits": "rule:admin_api",
    "os_compute_api:os-virtual-interfaces": "rule:admin_or_owner",
    "os_compute_api:os-volumes": "rule:admin_or_owner",
    "os_compute_api:os-volumes-attachments:index": "rule:admin_or_owner",
    "os_compute_api:os-volumes-attachments:create": "rule:admin_or_owner",
    "os_compute_api:os-volumes-attachments:show": "rule:admin_or_owner",
    "os_compute_api:os-volumes-attachments:update": "rule:admin_api",
    "os_compute_api:os-volumes-attachments:delete": "rule:admin_or_owner"
}
